Max Depth,Min Samples Split,Max Features,Criterion,Splitter,MSE,RMSE,MAE
,2,,squared_error,best,2.7033661384876706,1.6439151496804278,1.193142192874197
,2,,squared_error,random,2.659905787800119,1.6306910383883202,1.178220132397168
,5,,squared_error,best,2.480280271414339,1.57479192479023,1.1576548926055872
,5,,squared_error,random,2.238075162877613,1.4955827734981273,1.1218935346078216
,10,,squared_error,best,2.2400199144756945,1.496386026072233,1.1156214588017395
,10,,squared_error,random,1.7369284360857538,1.3176349322525278,1.014056197794471
,20,,squared_error,best,1.9492741209475173,1.3960340372194122,1.0588491576460606
,20,,squared_error,random,1.613652110940634,1.2695521562440935,0.9911252406397454
,40,,squared_error,best,1.7147204411369743,1.3088085166083065,1.0037042575731852
,40,,squared_error,random,1.5037019164452823,1.2254716126028968,0.9551326705122076
,2,sqrt,squared_error,best,2.7288286819945573,1.6516886412505773,1.2103682184319862
,2,sqrt,squared_error,random,2.671157853022311,1.6339803854517512,1.1910842933288832
,5,sqrt,squared_error,best,2.451860919599549,1.565718632427067,1.1665628269927413
,5,sqrt,squared_error,random,2.0112055870588668,1.4174782141523754,1.0799997181506555
,10,sqrt,squared_error,best,2.210265455389913,1.4856057944287349,1.1156711566451507
,10,sqrt,squared_error,random,1.7404390472069349,1.318820239242024,1.0125357531915775
,20,sqrt,squared_error,best,1.9249222230125458,1.3871469250186617,1.0599394444562726
,20,sqrt,squared_error,random,1.6358023433364761,1.278889803269427,0.9970385045918576
,40,sqrt,squared_error,best,1.747439408481473,1.3215243629741635,1.0123447501164922
,40,sqrt,squared_error,random,1.575370608697264,1.254910645000973,0.9828002823739131
,2,log2,squared_error,best,2.7404127429611953,1.6550408848608895,1.2211591210516193
,2,log2,squared_error,random,2.779191403415272,1.6667769404218713,1.2296172970830772
,5,log2,squared_error,best,2.384414877206343,1.5438189953249954,1.1476749665913994
,5,log2,squared_error,random,2.108735524333767,1.4515697345198453,1.0983955009269875
,10,log2,squared_error,best,2.140991314261961,1.4630269554808844,1.1055093095683066
,10,log2,squared_error,random,1.6431775664256378,1.2816096099102536,0.9940058190765366
,20,log2,squared_error,best,1.928762012137947,1.3885156050045269,1.0566685514814285
,20,log2,squared_error,random,1.6101580308631458,1.2681704618532934,0.9867645314064987
,40,log2,squared_error,best,1.6688328498394298,1.2914836349722152,1.005758900113386
,40,log2,squared_error,random,1.4984337743717553,1.224081714775302,0.9579154016953046
,2,0.5,squared_error,best,2.7075293557094824,1.6448035239976364,1.2033595755650774
,2,0.5,squared_error,random,2.753310370022009,1.6588431885406933,1.2127040239528937
,5,0.5,squared_error,best,2.424121058627958,1.5561593314175075,1.1530729913302895
,5,0.5,squared_error,random,2.0488826440801966,1.4311350814981352,1.0877059800813194
,10,0.5,squared_error,best,2.1706904530735645,1.473032300121078,1.1160019323661423
,10,0.5,squared_error,random,1.6925868051546993,1.3007160871050856,0.9987905192718418
,20,0.5,squared_error,best,1.9009045817775767,1.3783100086577083,1.0511397987243747
,20,0.5,squared_error,random,1.6165778915610456,1.2712102698865588,0.9942986434729727
,40,0.5,squared_error,best,1.7827502714957568,1.3351130096298878,1.0287864915359222
,40,0.5,squared_error,random,1.530115474341287,1.2365963398594766,0.9699433848720547
,2,0.75,squared_error,best,2.700548165056568,1.6428931913140399,1.1953906703488326
,2,0.75,squared_error,random,2.791477332745156,1.6704489271079666,1.229174650760719
,5,0.75,squared_error,best,2.4701593522432885,1.5714685201897998,1.162514718650503
,5,0.75,squared_error,random,2.12832922436261,1.4585077999789293,1.0994392679375982
,10,0.75,squared_error,best,2.1177581502571416,1.4552076460623657,1.0842929368132865
,10,0.75,squared_error,random,1.7362659532877136,1.317305514781476,1.0142830198050419
,20,0.75,squared_error,best,1.9354182306366539,1.3909998285780192,1.043828278019069
,20,0.75,squared_error,random,1.5748103044029467,1.2546200937505563,0.9755711090749069
,40,0.75,squared_error,best,1.7151630036507133,1.3091138073512436,1.0049157709071195
,40,0.75,squared_error,random,1.4744365735237517,1.2141295461318768,0.9464918224580444
10,2,,squared_error,best,1.7984315304427436,1.3408620860946274,1.000216891265086
10,2,,squared_error,random,1.7755208487648324,1.3317767455485654,1.0092152094797273
10,5,,squared_error,best,1.7732502866738091,1.3314739952317491,0.9983082112638746
10,5,,squared_error,random,1.6517719508717392,1.2849913417429186,0.9895891295135769
10,10,,squared_error,best,1.756192054224383,1.3250298939666694,0.9974284714647149
10,10,,squared_error,random,1.639935734111448,1.2796215214058808,0.98155177325099
10,20,,squared_error,best,1.6826196259251156,1.2969285242879534,0.986901163499384
10,20,,squared_error,random,1.5097716205806668,1.2282149380484166,0.9553051914403285
10,40,,squared_error,best,1.5901323353057637,1.2604428951474678,0.9668482685800038
10,40,,squared_error,random,1.5483879388576356,1.2439439675973376,0.96738597892771
10,2,sqrt,squared_error,best,1.799255026433477,1.3405225033001997,1.0208591968798328
10,2,sqrt,squared_error,random,1.7498460512493381,1.322206035591924,1.0134998191561566
10,5,sqrt,squared_error,best,1.7787297983637753,1.3328221652999535,1.0107010240563308
10,5,sqrt,squared_error,random,1.6700095111422173,1.2919416977807874,0.9938505188273916
10,10,sqrt,squared_error,best,1.7253816038235328,1.3126074780203325,1.01484770724232
10,10,sqrt,squared_error,random,1.5940830808907727,1.261394427642609,0.984969204706112
10,20,sqrt,squared_error,best,1.6521478774723495,1.2850692248070925,0.9870599292668814
10,20,sqrt,squared_error,random,1.5198611517360816,1.2325092504537185,0.9600079409483335
10,40,sqrt,squared_error,best,1.5954882019702812,1.2627533769524288,0.9798399584622013
10,40,sqrt,squared_error,random,1.5614912853706693,1.2493673975236979,0.9746184579197941
10,2,log2,squared_error,best,1.7580047800633398,1.3257906503144217,1.004725095528548
10,2,log2,squared_error,random,1.671473224597157,1.2926311713803174,0.9989483334463521
10,5,log2,squared_error,best,1.7697225618237797,1.3299358425973533,0.9998120291167851
10,5,log2,squared_error,random,1.6355651612779094,1.2783187470226145,0.9929711799672425
10,10,log2,squared_error,best,1.7073497864966718,1.3049876220379055,0.9936563131137927
10,10,log2,squared_error,random,1.5589209773644348,1.24842476944007,0.975401259286697
10,20,log2,squared_error,best,1.649059818252566,1.2838573740965693,0.9924490610458918
10,20,log2,squared_error,random,1.572115929698435,1.2534871264290726,0.978548950719315
10,40,log2,squared_error,best,1.613175907454162,1.269996138108818,0.9925953163612886
10,40,log2,squared_error,random,1.5465376935130721,1.2434699410352958,0.9731274101774041
10,2,0.5,squared_error,best,1.8101793432373383,1.344674537223031,1.014544523437586
10,2,0.5,squared_error,random,1.7086537859701116,1.3065218945807882,1.005507763263727
10,5,0.5,squared_error,best,1.7624706639503447,1.3267594243171619,1.0082022908377963
10,5,0.5,squared_error,random,1.631726573182505,1.276479732951607,0.9890921979945627
10,10,0.5,squared_error,best,1.7016723607577322,1.3043347007323003,1.0005447008884083
10,10,0.5,squared_error,random,1.5857433486245571,1.2583842608394196,0.9802310401019243
10,20,0.5,squared_error,best,1.6900215980551156,1.2996783692614817,1.0035059786982041
10,20,0.5,squared_error,random,1.5549583457044407,1.2467793974067627,0.9636342815483052
10,40,0.5,squared_error,best,1.6146863885952403,1.2704667481809222,0.9874929439983491
10,40,0.5,squared_error,random,1.5308797392737628,1.237085812108998,0.9682826366601525
10,2,0.75,squared_error,best,1.8319477749197712,1.3531194848253274,1.0072107701313406
10,2,0.75,squared_error,random,1.7851357581274037,1.3356996716770162,1.0040311192041922
10,5,0.75,squared_error,best,1.782689816747982,1.3350969765378902,1.006052532677929
10,5,0.75,squared_error,random,1.6854513571142729,1.2977248707362352,0.9984199571382085
10,10,0.75,squared_error,best,1.6900100291308569,1.2998459956463582,0.9857858421547352
10,10,0.75,squared_error,random,1.6196648269414702,1.272341247117134,0.9877859127364399
10,20,0.75,squared_error,best,1.6194200313931304,1.2723490927947676,0.9737984469206827
10,20,0.75,squared_error,random,1.5171750565810227,1.2315859834094054,0.9544164164536768
10,40,0.75,squared_error,best,1.5613421331485555,1.2489710781400212,0.9631349429207778
10,40,0.75,squared_error,random,1.5405745284269052,1.241004678253661,0.9673712577209856
20,2,,squared_error,best,2.526511463915449,1.5892052201363085,1.1572763842862277
20,2,,squared_error,random,2.6312871155955024,1.6211342548684606,1.1866052223939092
20,5,,squared_error,best,2.3825270800650875,1.5432647628009069,1.1344465274857904
20,5,,squared_error,random,2.181096962351261,1.4763862485505268,1.107790032679863
20,10,,squared_error,best,2.1873265795883454,1.4786326116317068,1.102804820312571
20,10,,squared_error,random,1.826887481476092,1.351170288915198,1.0363447263102725
20,20,,squared_error,best,1.926042947204629,1.3876358648153677,1.0509485497966937
20,20,,squared_error,random,1.5681138543665945,1.25200522066059,0.9848268107394003
20,40,,squared_error,best,1.7021748473185028,1.3040432181287538,0.9993819154845232
20,40,,squared_error,random,1.4974574914985301,1.223390168303001,0.9524020546802887
20,2,sqrt,squared_error,best,2.6091899615648333,1.614222983545138,1.1762001161826312
20,2,sqrt,squared_error,random,2.6903057723101793,1.6397298186891458,1.2061392749059134
20,5,sqrt,squared_error,best,2.3013422979331084,1.5167946031737407,1.1325349591276956
20,5,sqrt,squared_error,random,2.0138584148810685,1.4188340396123074,1.0849623341840304
20,10,sqrt,squared_error,best,2.0627863893390685,1.4359106586902448,1.0827493041093754
20,10,sqrt,squared_error,random,1.6887653447158262,1.2990031832171154,1.000173376312768
20,20,sqrt,squared_error,best,1.9174226791050955,1.3845013953153218,1.0558244802160621
20,20,sqrt,squared_error,random,1.577263821238849,1.255718804162543,0.9747762881731126
20,40,sqrt,squared_error,best,1.7002716643182711,1.3034379933857339,1.0099829049771405
20,40,sqrt,squared_error,random,1.5421493162492406,1.241763971780163,0.9666052220258188
20,2,log2,squared_error,best,2.548883045983657,1.595832112962285,1.163726574877982
20,2,log2,squared_error,random,2.7739070642889976,1.665146095306325,1.2217640424582892
20,5,log2,squared_error,best,2.378058361308298,1.5419480999862867,1.1487791433091463
20,5,log2,squared_error,random,2.042242457059408,1.4282175249150098,1.091737531826037
20,10,log2,squared_error,best,2.1611815651106214,1.4693225522028803,1.1017646785378858
20,10,log2,squared_error,random,1.6920188285926998,1.3002628650832506,1.0090653709070643
20,20,log2,squared_error,best,1.8054662119065426,1.3431248414174335,1.0329945472754904
20,20,log2,squared_error,random,1.5802854573515746,1.2563746979791666,0.9817373296136072
20,40,log2,squared_error,best,1.6777870289816685,1.2951115922130423,1.0029558891188641
20,40,log2,squared_error,random,1.550599055576478,1.2448811831663755,0.964821740115125
20,2,0.5,squared_error,best,2.4665266624917366,1.5702773470377096,1.154548840662717
20,2,0.5,squared_error,random,2.6982448731997284,1.6417329025247138,1.1997038322712659
20,5,0.5,squared_error,best,2.415340298619088,1.5531487258401486,1.159246931815143
20,5,0.5,squared_error,random,1.9520120904975795,1.396400631060093,1.0605253614562984
20,10,0.5,squared_error,best,2.074792899665239,1.439597268175057,1.0836663866495873
20,10,0.5,squared_error,random,1.722936995353884,1.3121719060931007,1.0115058523097376
20,20,0.5,squared_error,best,1.8322840336073132,1.352961746206725,1.0344999241523887
20,20,0.5,squared_error,random,1.5657356887079532,1.2509238432321805,0.9742957553382192
20,40,0.5,squared_error,best,1.7156372550973706,1.3095463560678777,1.0109874921150048
20,40,0.5,squared_error,random,1.5516995658137298,1.2454448774506357,0.974390911057454
20,2,0.75,squared_error,best,2.634127692443679,1.6222573002617522,1.1741498131438561
20,2,0.75,squared_error,random,2.7251375148679835,1.6504823374700497,1.2128838718235069
20,5,0.75,squared_error,best,2.3607473560580843,1.5362898705754735,1.1292067613736396
20,5,0.75,squared_error,random,2.1007206683887647,1.4488767652138015,1.0964060019815731
20,10,0.75,squared_error,best,2.1770513835088856,1.4752917686333349,1.1055238135452115
20,10,0.75,squared_error,random,1.709619000979209,1.306984367575764,1.0059365520497126
20,20,0.75,squared_error,best,1.8797275314248658,1.370914333107187,1.0451654025267598
20,20,0.75,squared_error,random,1.5869840221167149,1.2595511849907266,0.9808596483275693
20,40,0.75,squared_error,best,1.6934140787436238,1.3010801901685263,0.9972348855511403
20,40,0.75,squared_error,random,1.5388031864944636,1.2400484578222764,0.9662597256818037
30,2,,squared_error,best,2.6676622280444815,1.6331680115958895,1.185481568169935
30,2,,squared_error,random,2.7701992628318424,1.6636769790956478,1.2095771980459071
30,5,,squared_error,best,2.4827586110377395,1.5755712609686454,1.159907132983475
30,5,,squared_error,random,2.15158768743845,1.46644303765138,1.0986599243172523
30,10,,squared_error,best,2.2522269227699625,1.5004766479618283,1.11970808801081
30,10,,squared_error,random,1.8134681527554934,1.3464059627055,1.0249443763990116
30,20,,squared_error,best,1.9492741209475177,1.3960340372194122,1.0588491576460606
30,20,,squared_error,random,1.597503154556661,1.263609095891219,0.9844234261609817
30,40,,squared_error,best,1.7147204411369743,1.3088085166083065,1.0037042575731852
30,40,,squared_error,random,1.5027713392368993,1.225683383304485,0.9534200439201787
30,2,sqrt,squared_error,best,2.705494169873252,1.6446185640415378,1.2102779400210921
30,2,sqrt,squared_error,random,2.759590160229254,1.6607570021041531,1.2235945452728596
30,5,sqrt,squared_error,best,2.366489913768838,1.5381316670555623,1.1443453386036249
30,5,sqrt,squared_error,random,2.015475399551451,1.4192808193953212,1.073092645101072
30,10,sqrt,squared_error,best,2.2040102448559793,1.4845076591578565,1.1149355809916306
30,10,sqrt,squared_error,random,1.7215875960483769,1.3114603146206476,1.012595624117904
30,20,sqrt,squared_error,best,1.8763276195135088,1.369590917860084,1.0419317308212963
30,20,sqrt,squared_error,random,1.582683770657803,1.257879710070909,0.978162995211936
30,40,sqrt,squared_error,best,1.7257730676012628,1.3128717444644207,1.0170641176877253
30,40,sqrt,squared_error,random,1.5610284455447208,1.2491779979611044,0.9767112644068714
30,2,log2,squared_error,best,2.637597049604479,1.6234278417046781,1.185327854632149
30,2,log2,squared_error,random,2.8226460690578334,1.6798341647940962,1.2376538708946498
30,5,log2,squared_error,best,2.4002751880941036,1.5489380493883331,1.1453489572160929
30,5,log2,squared_error,random,1.9930870357511679,1.4108131860609754,1.0805729240895894
30,10,log2,squared_error,best,2.2097680416732866,1.4862589486734592,1.1142669321476244
30,10,log2,squared_error,random,1.7800809291818613,1.3340502648761319,1.0273595635147235
30,20,log2,squared_error,best,1.8622519279689367,1.3640026447551836,1.0412309803142143
30,20,log2,squared_error,random,1.619490727239717,1.272027660309583,0.9912493897619983
30,40,log2,squared_error,best,1.7898023319031366,1.337566935494958,1.0296773401709731
30,40,log2,squared_error,random,1.54888679909673,1.2443676457758184,0.9740404401518102
30,2,0.5,squared_error,best,2.6785940987721686,1.6363728395988404,1.193886838709325
30,2,0.5,squared_error,random,2.7363904009058286,1.6540824829817882,1.2154152480970943
30,5,0.5,squared_error,best,2.438381657462993,1.56116928096499,1.1672405630244722
30,5,0.5,squared_error,random,1.9834975598094613,1.4082900411843562,1.0641660332534166
30,10,0.5,squared_error,best,2.202453488412056,1.483379286355603,1.1129692731679794
30,10,0.5,squared_error,random,1.6736928930910644,1.2930604801881391,0.9979043668244831
30,20,0.5,squared_error,best,1.9800435891670496,1.406903726355288,1.072486148343409
30,20,0.5,squared_error,random,1.569381628949579,1.2522453289742441,0.9799280461251314
30,40,0.5,squared_error,best,1.7081103170520877,1.306395798897897,1.0126100882066835
30,40,0.5,squared_error,random,1.5327010559667074,1.2378717852384558,0.9665988120799002
30,2,0.75,squared_error,best,2.6099052346323335,1.6149572163907575,1.179428617623063
30,2,0.75,squared_error,random,2.6094270955943175,1.6146588611962198,1.178382531554761
30,5,0.75,squared_error,best,2.410231868107288,1.5518927458124854,1.1401873596492254
30,5,0.75,squared_error,random,2.076736048155786,1.4409182253534518,1.0897718212339498
30,10,0.75,squared_error,best,2.1260912103121,1.457223063370695,1.0909142934903646
30,10,0.75,squared_error,random,1.785833951873176,1.3359588068314552,1.017458409495601
30,20,0.75,squared_error,best,1.940390171006269,1.3927306303852156,1.0559985770545708
30,20,0.75,squared_error,random,1.6023155198988746,1.2653117500706972,0.9821522339318414
30,40,0.75,squared_error,best,1.7381954052149005,1.3179504092226269,1.0124128520186004
30,40,0.75,squared_error,random,1.4985091549320215,1.2234369536495833,0.9598915549611121
50,2,,squared_error,best,2.707644017534801,1.6452835530540662,1.1951731065806328
50,2,,squared_error,random,2.6414687527605394,1.6250172714831042,1.191126691036467
50,5,,squared_error,best,2.479871952592455,1.57469312151456,1.1581456285811185
50,5,,squared_error,random,2.1038427041329903,1.4498532739100596,1.0904399287927111
50,10,,squared_error,best,2.249927191273964,1.4997014313840782,1.1188187546437283
50,10,,squared_error,random,1.8269462531925929,1.3511834957862519,1.0336584068901233
50,20,,squared_error,best,1.944386284798555,1.394257397977277,1.0573913011405487
50,20,,squared_error,random,1.5940678613088923,1.261976393525066,0.9786389086963962
50,40,,squared_error,best,1.7152259523759625,1.3089918479220093,1.0039448657648107
50,40,,squared_error,random,1.5214488207152013,1.2324140549644993,0.9587248533086681
50,2,sqrt,squared_error,best,2.6330844190547054,1.6223522082122337,1.1788815451043124
50,2,sqrt,squared_error,random,2.7730478312291353,1.6649461379870722,1.2286136038108841
50,5,sqrt,squared_error,best,2.410032842707237,1.552250001927441,1.1525970810250328
50,5,sqrt,squared_error,random,2.0451425618234453,1.4293552612679383,1.0759638321993545
50,10,sqrt,squared_error,best,2.1933025695667907,1.4806675781192502,1.1193650819355951
50,10,sqrt,squared_error,random,1.7501415936255675,1.3226093769497445,1.0203128918124025
50,20,sqrt,squared_error,best,1.9046338216723133,1.3791964704602664,1.055416235566617
50,20,sqrt,squared_error,random,1.5602266749213178,1.2489493504892624,0.9723320416792184
50,40,sqrt,squared_error,best,1.7453469653143654,1.3209816479147813,1.0178415317791356
50,40,sqrt,squared_error,random,1.5813753446143692,1.2574846471539216,0.9833532741598491
50,2,log2,squared_error,best,2.7231479661680043,1.649315445164952,1.21087648245644
50,2,log2,squared_error,random,2.746957629161732,1.6571940718668974,1.2114807524296474
50,5,log2,squared_error,best,2.341852152194259,1.5293900008604049,1.1270056881200685
50,5,log2,squared_error,random,2.00338894881712,1.4150278314978082,1.0776239378269306
50,10,log2,squared_error,best,2.1302284866675127,1.4590602955081424,1.0941802847777329
50,10,log2,squared_error,random,1.670114881016574,1.2917403202981244,0.9953243932075895
50,20,log2,squared_error,best,1.9459943039350551,1.3945950556779527,1.0639366235157568
50,20,log2,squared_error,random,1.6081185486127336,1.267756500144928,0.9843421607374511
50,40,log2,squared_error,best,1.7120575187852207,1.3079739121576002,1.014909261714713
50,40,log2,squared_error,random,1.5544706538525324,1.246623691938726,0.9728665711973307
50,2,0.5,squared_error,best,2.6963878605585334,1.6420212238384007,1.211688105968204
50,2,0.5,squared_error,random,2.750979304159387,1.6579806700336543,1.21600840672069
50,5,0.5,squared_error,best,2.384936947063435,1.543911735154616,1.1552653572856812
50,5,0.5,squared_error,random,1.9875582902291071,1.409317078691811,1.065495045631895
50,10,0.5,squared_error,best,2.192489028111449,1.4801655354388,1.116362984470822
50,10,0.5,squared_error,random,1.7317109947249265,1.3152066787420171,1.0206637487430394
50,20,0.5,squared_error,best,1.907078145875754,1.3802405249919119,1.0556641359502679
50,20,0.5,squared_error,random,1.5798646974346369,1.25646646502813,0.9776277378005634
50,40,0.5,squared_error,best,1.721981598766447,1.3119162064724104,1.0117302073761372
50,40,0.5,squared_error,random,1.5386249643533092,1.24006777031792,0.9725681312894304
50,2,0.75,squared_error,best,2.726861971884237,1.650827434214225,1.1998036223991533
50,2,0.75,squared_error,random,2.7905813738689758,1.6692737459101843,1.218478826482799
50,5,0.75,squared_error,best,2.424885768421688,1.5568677413756695,1.146492370547203
50,5,0.75,squared_error,random,2.066215715604782,1.4368869693582917,1.082011905738246
50,10,0.75,squared_error,best,2.1680535966383085,1.472058898202997,1.1020078400230093
50,10,0.75,squared_error,random,1.7740436990556574,1.3315957705583248,1.0254507693117882
50,20,0.75,squared_error,best,1.941732314562119,1.3929843799306163,1.0597826103639987
50,20,0.75,squared_error,random,1.5849476794667856,1.258625455373929,0.9839686888354254
50,40,0.75,squared_error,best,1.68354410262938,1.2973168529685775,0.9960939026030544
50,40,0.75,squared_error,random,1.5279069109558503,1.2359505046634212,0.9619671286481385
100,2,,squared_error,best,2.6953246098880883,1.6415329078722318,1.1938181431083
100,2,,squared_error,random,2.720087790967688,1.6485593211965166,1.1988167148351732
100,5,,squared_error,best,2.4770309167934754,1.573746041814125,1.1562504633515918
100,5,,squared_error,random,2.1657055459158476,1.4704128820666291,1.0990566087464784
100,10,,squared_error,best,2.249078003628204,1.4994237764480725,1.1192636710407005
100,10,,squared_error,random,1.7751209285579321,1.3316748082619483,1.0243523849144183
100,20,,squared_error,best,1.948479420872831,1.3957457864587268,1.0584470343381778
100,20,,squared_error,random,1.6246022796974215,1.2744157513820717,0.9867127670606844
100,40,,squared_error,best,1.7144588916573782,1.3087059004850516,1.0035105631168357
100,40,,squared_error,random,1.509511671405187,1.2282165922860098,0.9605217726884575
100,2,sqrt,squared_error,best,2.842943547505707,1.6859328222324905,1.2304390194257975
100,2,sqrt,squared_error,random,2.678165235545054,1.6362111967551134,1.209029758953071
100,5,sqrt,squared_error,best,2.4188021150622796,1.554416115362003,1.14737325598206
100,5,sqrt,squared_error,random,2.0285867268785593,1.4238812497922142,1.078539315770475
100,10,sqrt,squared_error,best,2.13667963994454,1.461455084857703,1.0906823452518617
100,10,sqrt,squared_error,random,1.674947585010009,1.293982096928421,1.0045930461833033
100,20,sqrt,squared_error,best,1.8763603176108912,1.3691002724331451,1.0520209248912356
100,20,sqrt,squared_error,random,1.579207084215222,1.2559362260773728,0.9772359021656845
100,40,sqrt,squared_error,best,1.762008588934199,1.3269242462537039,1.0238303321076583
100,40,sqrt,squared_error,random,1.5451762191884932,1.2427233850963701,0.9759315945051906
100,2,log2,squared_error,best,2.756161201939391,1.6587979730051992,1.2145998296679053
100,2,log2,squared_error,random,2.786215503528243,1.6685611461621452,1.2231552121881886
100,5,log2,squared_error,best,2.4419074959714098,1.562190899703798,1.1578452946186495
100,5,log2,squared_error,random,1.9987788828470356,1.4131170934954151,1.0821472120258577
100,10,log2,squared_error,best,2.1561088324670186,1.46800957446893,1.097436179906224
100,10,log2,squared_error,random,1.7284244373586817,1.314556460253598,1.0222329322059616
100,20,log2,squared_error,best,1.8528989348247085,1.3609639140087728,1.0406522203711135
100,20,log2,squared_error,random,1.6651826700453707,1.2894191018985568,0.9983051593388499
100,40,log2,squared_error,best,1.7674467911688219,1.3290266441485732,1.0191224402234895
100,40,log2,squared_error,random,1.523382922604896,1.234233553471801,0.9686560245746408
100,2,0.5,squared_error,best,2.6223295242269486,1.618090947014243,1.176330027621875
100,2,0.5,squared_error,random,2.803245500681899,1.6740554318942746,1.2305959435653544
100,5,0.5,squared_error,best,2.407418096640874,1.5510889895062716,1.159087784174463
100,5,0.5,squared_error,random,1.979572624254399,1.4066645860168756,1.0632183934815125
100,10,0.5,squared_error,best,2.187637897444053,1.4787791829533083,1.1107914707913875
100,10,0.5,squared_error,random,1.7519602170300472,1.3228361426041546,1.0216325053432913
100,20,0.5,squared_error,best,1.9584601712513283,1.3993507373843999,1.0693522655619527
100,20,0.5,squared_error,random,1.6096213332448748,1.2680670201564714,0.9845565500064296
100,40,0.5,squared_error,best,1.6807708015565228,1.2956463078455394,1.0040555298955494
100,40,0.5,squared_error,random,1.545535771160809,1.2427761290218533,0.9647617534710495
100,2,0.75,squared_error,best,2.6507632638400627,1.627732541310961,1.1855230713693037
100,2,0.75,squared_error,random,2.917553234506609,1.7075411296509677,1.2583659989996279
100,5,0.75,squared_error,best,2.4171493917765767,1.5541523923782035,1.143386428870018
100,5,0.75,squared_error,random,2.0475973677239385,1.4306808973013336,1.083707296945859
100,10,0.75,squared_error,best,2.1316870674600437,1.459924798099549,1.0904372269367186
100,10,0.75,squared_error,random,1.7488976969541838,1.3219119525000866,1.0159177951913771
100,20,0.75,squared_error,best,1.9145863493031172,1.3830140355950105,1.0557320777043004
100,20,0.75,squared_error,random,1.553428572042971,1.2461463783347722,0.9689098786098059
100,40,0.75,squared_error,best,1.7291866207119224,1.3147932293600941,1.0141011048035704
100,40,0.75,squared_error,random,1.5013548321298782,1.2249491454983388,0.9537811142192902
,2,,friedman_mse,best,2.6705106584981793,1.6340636712223442,1.1862877056336179
,2,,friedman_mse,random,2.740992442409504,1.6550819209392955,1.204943120385702
,5,,friedman_mse,best,2.4872559541166526,1.5770286165864769,1.1593355624882602
,5,,friedman_mse,random,2.1480951438193867,1.46483257659312,1.0972546427844612
,10,,friedman_mse,best,2.249115006719367,1.499416272519491,1.1180533359549807
,10,,friedman_mse,random,1.7978917111082962,1.3406507168155142,1.0217488340130618
,20,,friedman_mse,best,1.9489365783496908,1.3959040835509209,1.058808575974726
,20,,friedman_mse,random,1.6169615605457284,1.271200689296701,0.9917301807389329
,40,,friedman_mse,best,1.7106068705566408,1.3072480912526094,1.0026945556140734
,40,,friedman_mse,random,1.5162071717308845,1.2311118157120693,0.9614947367483924
,2,sqrt,friedman_mse,best,2.6585230378324565,1.6302150491006238,1.1915860001587184
,2,sqrt,friedman_mse,random,2.7917089795686554,1.670826009151678,1.216072104613827
,5,sqrt,friedman_mse,best,2.3329562688191046,1.5271359179477342,1.1357500132920055
,5,sqrt,friedman_mse,random,1.998938251155078,1.4135937401947065,1.063964081587163
,10,sqrt,friedman_mse,best,2.181724351389365,1.4761765668929558,1.1158859974300952
,10,sqrt,friedman_mse,random,1.7631371492127184,1.3271457230013384,1.0226256137761605
,20,sqrt,friedman_mse,best,1.9752105880700188,1.4048665178827764,1.069782863120789
,20,sqrt,friedman_mse,random,1.581167412793611,1.256836693476354,0.9800837690942261
,40,sqrt,friedman_mse,best,1.7253607533586557,1.3132213121115055,1.0159291849619112
,40,sqrt,friedman_mse,random,1.558969676581939,1.2480957093974934,0.9758341795458578
,2,log2,friedman_mse,best,2.7615015472559024,1.6611620725777931,1.2177131459270532
,2,log2,friedman_mse,random,2.7106496955303863,1.6452733343074109,1.1945159465995332
,5,log2,friedman_mse,best,2.4036717158377856,1.5497334134024165,1.149022170042401
,5,log2,friedman_mse,random,1.9796458899428484,1.4059619186692467,1.0715039301748273
,10,log2,friedman_mse,best,2.0754146219641014,1.440437214295161,1.0854332058382243
,10,log2,friedman_mse,random,1.6910766568750097,1.2997648009038714,0.9950383355078045
,20,log2,friedman_mse,best,1.885224280516729,1.37190725802392,1.0480726652979855
,20,log2,friedman_mse,random,1.5879525995303374,1.259352805742567,0.9815877800662041
,40,log2,friedman_mse,best,1.7551358413635942,1.3244078343736725,1.019151384421651
,40,log2,friedman_mse,random,1.551313018058471,1.2454589295744172,0.9712067110444371
,2,0.5,friedman_mse,best,2.7306585713011327,1.6520435235092947,1.2106772536333805
,2,0.5,friedman_mse,random,2.6814355418846167,1.6371578674028757,1.1892951061636388
,5,0.5,friedman_mse,best,2.379779410909089,1.541652093468959,1.1463606168570764
,5,0.5,friedman_mse,random,2.000477448775099,1.4142084234865273,1.0725254251180902
,10,0.5,friedman_mse,best,2.177150146857838,1.4751442639319428,1.1114100447130535
,10,0.5,friedman_mse,random,1.7165225684909693,1.3095739531359316,1.0098632138939814
,20,0.5,friedman_mse,best,1.9330713869190261,1.3898997786433818,1.0601178378625185
,20,0.5,friedman_mse,random,1.5755586716455992,1.2549367004769565,0.9802981847932326
,40,0.5,friedman_mse,best,1.7377870301261553,1.317825071469715,1.012388527803013
,40,0.5,friedman_mse,random,1.5405522514691559,1.2409529997809232,0.9707578209859383
,2,0.75,friedman_mse,best,2.7625824638158343,1.6618446098760196,1.2061762393066342
,2,0.75,friedman_mse,random,2.6658644554403423,1.6320270949158817,1.1937680025124489
,5,0.75,friedman_mse,best,2.4288082072782826,1.5582940201433746,1.1458255147957705
,5,0.75,friedman_mse,random,2.070220311191588,1.4380497085179138,1.0895172519410552
,10,0.75,friedman_mse,best,2.2154402100248554,1.4879269354616884,1.1188081374196732
,10,0.75,friedman_mse,random,1.785382642648279,1.3357832523336672,1.0152801153084594
,20,0.75,friedman_mse,best,1.9161304046894518,1.3841533247905848,1.0542246237238946
,20,0.75,friedman_mse,random,1.594867449221523,1.262101149294488,0.9776397461159053
,40,0.75,friedman_mse,best,1.6949913737898843,1.3013886706475655,0.9883885726252861
,40,0.75,friedman_mse,random,1.5081662255326658,1.2278129033480247,0.9603997554864481
10,2,,friedman_mse,best,1.8111546366578146,1.3456313697674496,1.0018880232173555
10,2,,friedman_mse,random,1.741002633721601,1.3189383512765336,1.0074532423541442
10,5,,friedman_mse,best,1.7767754252685193,1.3328108347461,0.999208863011462
10,5,,friedman_mse,random,1.6482177652875585,1.2835606862107691,0.9846773443014021
10,10,,friedman_mse,best,1.7569999150165636,1.325330782989956,0.9977100501940853
10,10,,friedman_mse,random,1.5651432992184344,1.2504682100534512,0.9664833564477961
10,20,,friedman_mse,best,1.683145571670162,1.2971286769061625,0.9870957404524925
10,20,,friedman_mse,random,1.5460301790245425,1.2431780943662951,0.9627353172030843
10,40,,friedman_mse,best,1.5901323353057637,1.2604428951474678,0.9668482685800036
10,40,,friedman_mse,random,1.509268880814107,1.2282562148703307,0.9566089254430195
10,2,sqrt,friedman_mse,best,1.8198062020910573,1.3482304722486333,1.0140898945540235
10,2,sqrt,friedman_mse,random,1.682632477271555,1.2959614663757282,0.9991083923429986
10,5,sqrt,friedman_mse,best,1.7093562778497102,1.307112923942486,1.0015811804657875
10,5,sqrt,friedman_mse,random,1.6422630122244732,1.2810045323439836,0.9914922580049532
10,10,sqrt,friedman_mse,best,1.6928803015659573,1.3008613543221932,0.9957898564544413
10,10,sqrt,friedman_mse,random,1.591350251942143,1.2607953660148592,0.9809428227290233
10,20,sqrt,friedman_mse,best,1.7282385343590352,1.3141894444338482,1.0003433532777257
10,20,sqrt,friedman_mse,random,1.5643678967787773,1.250480147777522,0.9748766112229268
10,40,sqrt,friedman_mse,best,1.5963439440676876,1.2626198298407014,0.9852997284784399
10,40,sqrt,friedman_mse,random,1.5229974165880387,1.2336671475625658,0.965658202493754
10,2,log2,friedman_mse,best,1.827915640494482,1.3506492520992281,1.02297003917008
10,2,log2,friedman_mse,random,1.7687929175267225,1.3297514389308929,1.021494600791932
10,5,log2,friedman_mse,best,1.743782133828692,1.3202146946652527,1.010620647265156
10,5,log2,friedman_mse,random,1.6242700844096079,1.2739794613428521,0.9883864937050557
10,10,log2,friedman_mse,best,1.7023397440172214,1.3042645438424023,0.9934926688094825
10,10,log2,friedman_mse,random,1.563321040043926,1.2498326787496319,0.9768937760369564
10,20,log2,friedman_mse,best,1.6802755579291624,1.2959841556339486,0.9858796261499905
10,20,log2,friedman_mse,random,1.5137924271679721,1.2302072547670153,0.9674653193209594
10,40,log2,friedman_mse,best,1.5968251863856264,1.2633389439803417,0.9823720327482842
10,40,log2,friedman_mse,random,1.494595505438245,1.222159293649648,0.9572037125676272
10,2,0.5,friedman_mse,best,1.8063125325586804,1.3432088761914904,1.021080633404481
10,2,0.5,friedman_mse,random,1.7135029928798815,1.30829466961841,1.0092282576473743
10,5,0.5,friedman_mse,best,1.8238702080663045,1.3499668116633194,1.0232372676809527
10,5,0.5,friedman_mse,random,1.6018142589479982,1.2655656657390435,0.983906114328739
10,10,0.5,friedman_mse,best,1.6504850660242365,1.2844324360001298,0.9810037294940797
10,10,0.5,friedman_mse,random,1.5644351109049215,1.2506420114705417,0.9740389406246877
10,20,0.5,friedman_mse,best,1.5826747219823416,1.257728056145495,0.9735232393909159
10,20,0.5,friedman_mse,random,1.547555688793648,1.243903498984928,0.9744275387739766
10,40,0.5,friedman_mse,best,1.5969588795984295,1.2635260481775539,0.9836615343521823
10,40,0.5,friedman_mse,random,1.5322203692451213,1.2374932826792915,0.9670327633378468
10,2,0.75,friedman_mse,best,1.756550480820215,1.3249620236224589,0.9986019739790729
10,2,0.75,friedman_mse,random,1.641526835842491,1.2802881958657235,0.9847038980124012
10,5,0.75,friedman_mse,best,1.7411193429957887,1.3193129828571475,0.9952858331915454
10,5,0.75,friedman_mse,random,1.638428878813699,1.2795964292670745,0.9857659118457335
10,10,0.75,friedman_mse,best,1.7250794365936328,1.3132166379881682,1.0014738772267617
10,10,0.75,friedman_mse,random,1.5804580213290456,1.2567975911794058,0.977517445459197
10,20,0.75,friedman_mse,best,1.6381408444312044,1.279694842812917,0.9809532030677929
10,20,0.75,friedman_mse,random,1.5504762747730607,1.245081432804857,0.9686418803235488
10,40,0.75,friedman_mse,best,1.6100259984279213,1.2686816371857783,0.9769467203105116
10,40,0.75,friedman_mse,random,1.513970730102061,1.2303855884002952,0.9592898841728708
20,2,,friedman_mse,best,2.560668061255954,1.5997032453870728,1.160437192876761
20,2,,friedman_mse,random,2.7249116631278225,1.6501208748473644,1.1960627482284885
20,5,,friedman_mse,best,2.395917621255112,1.5476120162401048,1.1398253731992227
20,5,,friedman_mse,random,2.209288066999949,1.4856016255012467,1.1136425720469112
20,10,,friedman_mse,best,2.187910811823362,1.4788295812190044,1.1027426160641238
20,10,,friedman_mse,random,1.7934945674266118,1.3385241872884635,1.0193478805770146
20,20,,friedman_mse,best,1.9306208801118667,1.3893041624515345,1.052333645290779
20,20,,friedman_mse,random,1.6010644029718049,1.2643500719174618,0.9826518347909369
20,40,,friedman_mse,best,1.7065323796582288,1.3056936826132253,1.000438531178911
20,40,,friedman_mse,random,1.5214159396270241,1.2328278489750213,0.9647963332421163
20,2,sqrt,friedman_mse,best,2.56845044736475,1.6021359094054808,1.1652539726768945
20,2,sqrt,friedman_mse,random,2.7670825089201587,1.6627541902113436,1.220005255036379
20,5,sqrt,friedman_mse,best,2.3326087407307243,1.526889983754178,1.1349814753573015
20,5,sqrt,friedman_mse,random,2.027564927409274,1.4235213541569742,1.0859238870781582
20,10,sqrt,friedman_mse,best,2.045486060747737,1.4298730169551612,1.0765413305587785
20,10,sqrt,friedman_mse,random,1.6729043899742781,1.2931154674606347,0.9989258274074928
20,20,sqrt,friedman_mse,best,1.8625305249581476,1.3643408807195114,1.0410556709742504
20,20,sqrt,friedman_mse,random,1.57301497644865,1.2539342869319672,0.9769409533743882
20,40,sqrt,friedman_mse,best,1.734304406485618,1.3168196892643338,1.01649584670302
20,40,sqrt,friedman_mse,random,1.558969189103372,1.2480185264406736,0.9758226464825486
20,2,log2,friedman_mse,best,2.600430402397733,1.6117965277955293,1.1878887088739134
20,2,log2,friedman_mse,random,2.6295687535115357,1.6207185092059884,1.1960526446477755
20,5,log2,friedman_mse,best,2.2641673457804927,1.504496248254378,1.1245765880404939
20,5,log2,friedman_mse,random,1.9614041764684256,1.3991619419417325,1.0686891874762783
20,10,log2,friedman_mse,best,2.052584529362696,1.431783838262568,1.0694203098568402
20,10,log2,friedman_mse,random,1.7351811532350225,1.3170684495540594,1.0214759444241057
20,20,log2,friedman_mse,best,1.8891952058768446,1.374405301059673,1.0542260695288488
20,20,log2,friedman_mse,random,1.5704352181392007,1.2529303968907404,0.9729756670493226
20,40,log2,friedman_mse,best,1.6714446460765309,1.2921517119687893,1.0075458687442855
20,40,log2,friedman_mse,random,1.5271477069939325,1.2352716015434595,0.9645950715267129
20,2,0.5,friedman_mse,best,2.5918207346161823,1.6096085876733224,1.180833980666986
20,2,0.5,friedman_mse,random,2.679841501440441,1.6365606129167904,1.1956482487217186
20,5,0.5,friedman_mse,best,2.368295114393214,1.538201932659204,1.1454604472076881
20,5,0.5,friedman_mse,random,2.111310427856957,1.4525677838330067,1.1041049644497458
20,10,0.5,friedman_mse,best,2.1108415651015675,1.4526464092065094,1.0986243128076145
20,10,0.5,friedman_mse,random,1.7567539471911857,1.3252600274376578,1.0239969053965001
20,20,0.5,friedman_mse,best,1.8996772568664135,1.378169450756732,1.0510003392414426
20,20,0.5,friedman_mse,random,1.5593641211113423,1.2484720770306135,0.9728032956471591
20,40,0.5,friedman_mse,best,1.7084749333774447,1.3068093854256724,1.0044279524691413
20,40,0.5,friedman_mse,random,1.5295737151296025,1.2364782324713148,0.9609931369058804
20,2,0.75,friedman_mse,best,2.611183430513139,1.6154203011694541,1.180315866261719
20,2,0.75,friedman_mse,random,2.667500247664345,1.6329254436488774,1.1992071239449005
20,5,0.75,friedman_mse,best,2.4052606351492996,1.5508298635012276,1.1379586345053412
20,5,0.75,friedman_mse,random,2.153255885407238,1.4667814918738784,1.1085120028570672
20,10,0.75,friedman_mse,best,2.125656582131724,1.4578464332985965,1.0882229904556837
20,10,0.75,friedman_mse,random,1.7783348124149252,1.3332504795435818,1.029064178496486
20,20,0.75,friedman_mse,best,1.8730932433053398,1.3682627232833404,1.0365896012272375
20,20,0.75,friedman_mse,random,1.6341152731499844,1.2779428022129458,0.9917963920413604
20,40,0.75,friedman_mse,best,1.6746686354885436,1.2930798253859899,0.9955249653391313
20,40,0.75,friedman_mse,random,1.5124215760826591,1.2294210134136272,0.9574377771484451
30,2,,friedman_mse,best,2.667840797660809,1.633266191376169,1.186336609855241
30,2,,friedman_mse,random,2.811466033130903,1.6761802105199983,1.2197651347132763
30,5,,friedman_mse,best,2.4829548979784795,1.5756616159581749,1.1593467558387496
30,5,,friedman_mse,random,2.117016022774353,1.4544905280646285,1.0721448050713511
30,10,,friedman_mse,best,2.2524166225822677,1.5005345760271966,1.1196448010304656
30,10,,friedman_mse,random,1.788473965803173,1.3366984854018102,1.0375880270475006
30,20,,friedman_mse,best,1.9489365783496908,1.3959040835509209,1.058808575974726
30,20,,friedman_mse,random,1.5870913189527784,1.2591726056959593,0.9852550149279002
30,40,,friedman_mse,best,1.7108684200362372,1.3073507073758646,1.0028882500704226
30,40,,friedman_mse,random,1.5248738522397418,1.2342541293922034,0.9649526518115714
30,2,sqrt,friedman_mse,best,2.708641508365978,1.6451586265299398,1.2106139691721791
30,2,sqrt,friedman_mse,random,2.80042472180713,1.6729932927386912,1.2166581563208878
30,5,sqrt,friedman_mse,best,2.3458907967106213,1.5315174522721975,1.1298947028263697
30,5,sqrt,friedman_mse,random,2.071180071534974,1.4387001992274508,1.099248580802983
30,10,sqrt,friedman_mse,best,2.1003515143301574,1.4488571221177295,1.0886698076568795
30,10,sqrt,friedman_mse,random,1.7443876116168222,1.320414450551097,1.0270533570380007
30,20,sqrt,friedman_mse,best,1.8596755268156961,1.3633704463075114,1.0398730203039122
30,20,sqrt,friedman_mse,random,1.627300987834398,1.2750994488791239,0.988992051680059
30,40,sqrt,friedman_mse,best,1.7185267548430416,1.3107519570039412,1.0162507723392453
30,40,sqrt,friedman_mse,random,1.523335561982113,1.2336728435778794,0.967003812203512
30,2,log2,friedman_mse,best,2.704762545648552,1.6440172228612908,1.200606199965669
30,2,log2,friedman_mse,random,2.7661544064731904,1.662308016685299,1.215162961305515
30,5,log2,friedman_mse,best,2.3746647740168014,1.5406387103491639,1.143688152619759
30,5,log2,friedman_mse,random,1.9842979114486308,1.408383345336184,1.0757211407503307
30,10,log2,friedman_mse,best,2.159676633187826,1.4693565160544868,1.1103584191065305
30,10,log2,friedman_mse,random,1.7046435725092235,1.3055524498660858,1.0102350643650042
30,20,log2,friedman_mse,best,1.861960303921157,1.3643260120243537,1.0394433491668669
30,20,log2,friedman_mse,random,1.6085063850383665,1.2671142583720694,0.9878231094813943
30,40,log2,friedman_mse,best,1.7372500473373702,1.317658621009214,1.011212745771186
30,40,log2,friedman_mse,random,1.5701853803138923,1.2527395199239266,0.9709708535565461
30,2,0.5,friedman_mse,best,2.7461895779276237,1.6566362216249821,1.2160363575062012
30,2,0.5,friedman_mse,random,2.645818449773347,1.6246973693989564,1.1847544090405056
30,5,0.5,friedman_mse,best,2.461674313568454,1.5683343196883857,1.1655104210710505
30,5,0.5,friedman_mse,random,2.0167293474056125,1.4195925765009543,1.081606592548678
30,10,0.5,friedman_mse,best,2.181495622473459,1.4768990854448023,1.106454044042676
30,10,0.5,friedman_mse,random,1.7488710518326969,1.3219732140353582,1.0207730624601656
30,20,0.5,friedman_mse,best,1.8807736608737624,1.371028990204899,1.048022172884347
30,20,0.5,friedman_mse,random,1.632561251941397,1.2770881377869328,0.9943118398660988
30,40,0.5,friedman_mse,best,1.7361235684292118,1.3175235505638039,1.0202049202067083
30,40,0.5,friedman_mse,random,1.525860004875927,1.2346254401876338,0.963459711507347
30,2,0.75,friedman_mse,best,2.6524010416620234,1.6275864068308756,1.1821641454786955
30,2,0.75,friedman_mse,random,2.726277914556306,1.6510091702154674,1.207100498246618
30,5,0.75,friedman_mse,best,2.4394021452901398,1.5615038052915435,1.1470877446455385
30,5,0.75,friedman_mse,random,2.089655993600874,1.4448216195312893,1.091149969305453
30,10,0.75,friedman_mse,best,2.231694451911409,1.4932351160547204,1.1164144917939764
30,10,0.75,friedman_mse,random,1.7160226197120143,1.309857782443605,1.0123503763923165
30,20,0.75,friedman_mse,best,1.881500915933925,1.3715565472281166,1.0458252199206202
30,20,0.75,friedman_mse,random,1.6280912280638566,1.275696145442208,0.9906784679798337
30,40,0.75,friedman_mse,best,1.7354483714168005,1.3171359397897686,1.0136807548112892
30,40,0.75,friedman_mse,random,1.5067588520227542,1.227390036237118,0.9564100873065193
50,2,,friedman_mse,best,2.7132661952114967,1.6470929955335882,1.2005848232181173
50,2,,friedman_mse,random,2.7332136761470327,1.6529658918329908,1.2018428654581896
50,5,,friedman_mse,best,2.4756959516598562,1.5733634285068643,1.1563814057550268
50,5,,friedman_mse,random,2.145906869632183,1.4648144434135613,1.0986110758667196
50,10,,friedman_mse,best,2.25156375120359,1.500232558451493,1.1194360887085373
50,10,,friedman_mse,random,1.7893373166652011,1.337549355312842,1.025326868000543
50,20,,friedman_mse,best,1.9497724273364614,1.3962077962901964,1.059075913939261
50,20,,friedman_mse,random,1.608887801038288,1.2676681708706679,0.9781658465041951
50,40,,friedman_mse,best,1.7154875018555589,1.3090944640452644,1.0041385602211599
50,40,,friedman_mse,random,1.5153131157118782,1.230645094969312,0.9630210530551079
50,2,sqrt,friedman_mse,best,2.6503284868725063,1.6275921333459145,1.1886707160313592
50,2,sqrt,friedman_mse,random,2.7322139302224224,1.6522932344977874,1.210591764950586
50,5,sqrt,friedman_mse,best,2.4615348299142106,1.5684948274817263,1.1668230440211247
50,5,sqrt,friedman_mse,random,2.065294090620886,1.4367787799438219,1.0905604018509232
50,10,sqrt,friedman_mse,best,2.1833041602904646,1.4770768270969696,1.1075119986180926
50,10,sqrt,friedman_mse,random,1.6801791566762003,1.2953566982929778,1.0005261315478795
50,20,sqrt,friedman_mse,best,1.8877508674188967,1.373302980207599,1.0467148735154101
50,20,sqrt,friedman_mse,random,1.5916036980221635,1.2613725522923347,0.982187620945895
50,40,sqrt,friedman_mse,best,1.748085217925213,1.322121574318348,1.0130719298440705
50,40,sqrt,friedman_mse,random,1.5456559722161423,1.2428039984762185,0.9697173476548804
50,2,log2,friedman_mse,best,2.7780676074843575,1.6666749130282148,1.2222676874929141
50,2,log2,friedman_mse,random,2.7809229916054434,1.6674454022551686,1.222723122423533
50,5,log2,friedman_mse,best,2.4010546332382012,1.5484989776740719,1.1458219549173236
50,5,log2,friedman_mse,random,2.1197087354566415,1.4553731381821948,1.1025534382732514
50,10,log2,friedman_mse,best,2.11650898932625,1.4544703847292746,1.1018842395982036
50,10,log2,friedman_mse,random,1.7065124531422797,1.3061314643136195,1.0086461423531308
50,20,log2,friedman_mse,best,1.9651662086707025,1.4015718366019283,1.073684229131127
50,20,log2,friedman_mse,random,1.634556390092909,1.277746267437988,0.9961533820355892
50,40,log2,friedman_mse,best,1.7073717829754465,1.3063476365460205,1.008070180472981
50,40,log2,friedman_mse,random,1.505490948554933,1.2268165119207795,0.9577705501064445
50,2,0.5,friedman_mse,best,2.7451027551623515,1.6565464357736839,1.2157612644034859
50,2,0.5,friedman_mse,random,2.888569593859767,1.6993819648024018,1.2542038963321362
50,5,0.5,friedman_mse,best,2.404865961004477,1.5503253727157003,1.1522085780043256
50,5,0.5,friedman_mse,random,1.9025369186524856,1.3781570767655094,1.0490859606572083
50,10,0.5,friedman_mse,best,2.183003914716465,1.4771371626091585,1.1080468943673727
50,10,0.5,friedman_mse,random,1.700442186880211,1.3037891026728654,1.0063716034082615
50,20,0.5,friedman_mse,best,1.8922573976082506,1.37486487040697,1.0489882728281654
50,20,0.5,friedman_mse,random,1.6179664491555747,1.271501651537865,0.9852500845656624
50,40,0.5,friedman_mse,best,1.7439940999537924,1.3202039998435595,1.0234773695721178
50,40,0.5,friedman_mse,random,1.557117353571816,1.2476540562588274,0.9770475777893205
50,2,0.75,friedman_mse,best,2.6996330592878492,1.6426805297019633,1.200580304493076
50,2,0.75,friedman_mse,random,2.6444163039047526,1.6254130518267549,1.19599226229587
50,5,0.75,friedman_mse,best,2.4561613137860334,1.5666857895704014,1.16216044951766
50,5,0.75,friedman_mse,random,2.1163508014968584,1.454635604922693,1.0912044067642312
50,10,0.75,friedman_mse,best,2.1052483980988024,1.4503677270522937,1.0883943134266225
50,10,0.75,friedman_mse,random,1.7841108763407885,1.3356051535924496,1.0243973567596845
50,20,0.75,friedman_mse,best,1.92528206511856,1.387106206652931,1.055144165745503
50,20,0.75,friedman_mse,random,1.5917877997044225,1.2613626064896288,0.9791530473599686
50,40,0.75,friedman_mse,best,1.7152730453338603,1.3093043848414083,1.0035663594363613
50,40,0.75,friedman_mse,random,1.5133269853823403,1.2298714738307384,0.9641929703396876
100,2,,friedman_mse,best,2.7023487081550535,1.6437344164184886,1.191282767678929
100,2,,friedman_mse,random,2.78192236667343,1.6678582890517295,1.213139768190916
100,5,,friedman_mse,best,2.4806344729324463,1.574901644916339,1.1564640348687205
100,5,,friedman_mse,random,2.100536718442369,1.448361017427201,1.087586161716695
100,10,,friedman_mse,best,2.248451101619056,1.499199084464476,1.11818473063534
100,10,,friedman_mse,random,1.7805424379653894,1.3338560388160718,1.013830205691273
100,20,,friedman_mse,best,1.9430244900667382,1.3937618493655102,1.0569293862229057
100,20,,friedman_mse,random,1.587084236648093,1.2596223148667094,0.9824337281692573
100,40,,friedman_mse,best,1.7147204411369743,1.3088085166083065,1.0037042575731852
100,40,,friedman_mse,random,1.5365818476889306,1.2392709796963237,0.9664376303771782
100,2,sqrt,friedman_mse,best,2.764034678313202,1.66213684395179,1.2161377303399405
100,2,sqrt,friedman_mse,random,2.6560031771823436,1.629435447773884,1.211621818470802
100,5,sqrt,friedman_mse,best,2.41534902021123,1.5538922906355546,1.1533562157064465
100,5,sqrt,friedman_mse,random,1.9809367262376534,1.4071430935026072,1.0679039151782892
100,10,sqrt,friedman_mse,best,2.152861562121026,1.4670816381210017,1.1023243918986456
100,10,sqrt,friedman_mse,random,1.7094563721662808,1.30697083612531,1.0132097517627445
100,20,sqrt,friedman_mse,best,1.8986375831797477,1.377751231577639,1.0462971345363254
100,20,sqrt,friedman_mse,random,1.5623308755969016,1.2495358028737125,0.97620057750975
100,40,sqrt,friedman_mse,best,1.7533274077449477,1.3238259802293517,1.0175395040835526
100,40,sqrt,friedman_mse,random,1.520249787639527,1.2324488266369624,0.9653443609700203
100,2,log2,friedman_mse,best,2.6063294339219487,1.614084258252436,1.1739405790356194
100,2,log2,friedman_mse,random,2.6096299075137277,1.6152974320197035,1.1836445977629233
100,5,log2,friedman_mse,best,2.376849638055067,1.5413924493476399,1.1411419585950657
100,5,log2,friedman_mse,random,2.0281386847579914,1.4235163727949867,1.073867417738397
100,10,log2,friedman_mse,best,2.1658047540136485,1.471421181062417,1.103230060541831
100,10,log2,friedman_mse,random,1.75043688861177,1.3225688428712936,1.0260211709608649
100,20,log2,friedman_mse,best,1.9135179417961077,1.382880526003814,1.0613384611672056
100,20,log2,friedman_mse,random,1.593993880207385,1.2622918538809451,0.9866172507266402
100,40,log2,friedman_mse,best,1.7290714571705774,1.3143402599068452,1.0115798088103274
100,40,log2,friedman_mse,random,1.54764054396472,1.2437946622471396,0.9668756430693431
100,2,0.5,friedman_mse,best,2.6658475478888453,1.632292599883503,1.1898548842433072
100,2,0.5,friedman_mse,random,2.7259022649169347,1.6507741308928012,1.206033114008387
100,5,0.5,friedman_mse,best,2.4738294616888736,1.572368264732662,1.1578617816561732
100,5,0.5,friedman_mse,random,2.1015174560239456,1.4495890104517675,1.0981268518294929
100,10,0.5,friedman_mse,best,2.212519585004064,1.4873233643761155,1.1092395072336203
100,10,0.5,friedman_mse,random,1.7269763584989934,1.313371532759719,1.0130764955170732
100,20,0.5,friedman_mse,best,1.9089662639732867,1.381136986079362,1.0547194692983397
100,20,0.5,friedman_mse,random,1.5708596858521804,1.2529125037792572,0.9795992788526233
100,40,0.5,friedman_mse,best,1.6632115459369685,1.2896048251346133,0.9972283083278326
100,40,0.5,friedman_mse,random,1.5325159037909564,1.2376200771409396,0.9704720034819679
100,2,0.75,friedman_mse,best,2.6350747158439685,1.6230329703523718,1.1746041197115857
100,2,0.75,friedman_mse,random,2.7988454733423263,1.6728549862749666,1.2286015586151569
100,5,0.75,friedman_mse,best,2.4267315132603073,1.5570045977212577,1.1442442830431039
100,5,0.75,friedman_mse,random,2.0803005394171246,1.4419473084962604,1.0865142821624958
100,10,0.75,friedman_mse,best,2.1730185491975673,1.473882626923361,1.1072777740166346
100,10,0.75,friedman_mse,random,1.7633029497188482,1.3271578897510428,1.021024105114096
100,20,0.75,friedman_mse,best,1.947537825776791,1.395367047725736,1.0563929034801347
100,20,0.75,friedman_mse,random,1.5751908439496753,1.2545487680858822,0.9779990884440564
100,40,0.75,friedman_mse,best,1.711579505701818,1.3077871530675822,1.010491791791081
100,40,0.75,friedman_mse,random,1.5056024156000816,1.2263015949134488,0.9531725799537177
,2,,absolute_error,best,2.6777953143549125,1.6359229725470954,1.184679721613248
,2,,absolute_error,random,2.7319288753048583,1.6521312711848073,1.2077907936397678
,5,,absolute_error,best,2.485880494576578,1.5764275201049132,1.1421016019122274
,5,,absolute_error,random,2.2907359816692425,1.5133460547786424,1.087509886645421
,10,,absolute_error,best,2.2653036981908325,1.50467481245331,1.0784249645054402
,10,,absolute_error,random,2.010670175054149,1.4178975190743515,1.009383205285571
,20,,absolute_error,best,2.0179978285639866,1.4201196068398587,1.0014169399259767
,20,,absolute_error,random,1.7814144898360027,1.3339178895753931,0.9500808559675731
,40,,absolute_error,best,1.865422766923934,1.365305353427709,0.9653072183623665
,40,,absolute_error,random,1.6829334451289413,1.2969255713382972,0.9223220418732611
,2,sqrt,absolute_error,best,2.791255204989713,1.670229658667792,1.2233353878661293
,2,sqrt,absolute_error,random,2.876131158266936,1.6957588334999893,1.2324826871283001
,5,sqrt,absolute_error,best,2.403489063140875,1.5499464380345565,1.1303586171412667
,5,sqrt,absolute_error,random,2.1213740876180753,1.455731369956681,1.0745297214892795
,10,sqrt,absolute_error,best,2.2737595112838433,1.507540567428514,1.096992102477306
,10,sqrt,absolute_error,random,1.9371051823907623,1.3911219783094064,1.0064016557743
,20,sqrt,absolute_error,best,2.0954507249113212,1.447135653909933,1.0438415665776433
,20,sqrt,absolute_error,random,1.7479749508337672,1.3208471155579242,0.9472822165481883
,40,sqrt,absolute_error,best,1.886430606517623,1.3730922441549431,0.995772208194013
,40,sqrt,absolute_error,random,1.6070259724773315,1.2671040563313336,0.9152422862718096
,2,log2,absolute_error,best,2.674194720513692,1.6346830038256432,1.2065404822081802
,2,log2,absolute_error,random,2.8559277676314254,1.6898331444380894,1.2396231560028779
,5,log2,absolute_error,best,2.544632607181854,1.5949886444037518,1.166042898336826
,5,log2,absolute_error,random,2.0817937207375037,1.4423190094356482,1.0702327993566585
,10,log2,absolute_error,best,2.318993149038763,1.5217771815919172,1.1027695408943545
,10,log2,absolute_error,random,1.9660240186203015,1.4011403002267926,1.0251112875946329
,20,log2,absolute_error,best,2.095029158516121,1.4470292361876773,1.039752447973181
,20,log2,absolute_error,random,1.7074590944191754,1.30636894375396,0.9503118550805733
,40,log2,absolute_error,best,1.9126746080724852,1.3814443693983058,0.9853111681217323
,40,log2,absolute_error,random,1.602362395706486,1.2654358911006125,0.9107525004039937
,2,0.5,absolute_error,best,2.7437826833770322,1.6560286794514205,1.201206784679044
,2,0.5,absolute_error,random,2.6103452683437847,1.6144463466791248,1.1801106301067565
,5,0.5,absolute_error,best,2.4383481495544057,1.5612968608046924,1.1425188824140675
,5,0.5,absolute_error,random,2.086082269561422,1.4433579302920798,1.0672725353025851
,10,0.5,absolute_error,best,2.3320156975581283,1.5264951091201646,1.1088319373871238
,10,0.5,absolute_error,random,1.9378156516484235,1.3913101992790224,1.014100682521884
,20,0.5,absolute_error,best,1.9980511628397124,1.4133968123990703,1.0227090691552974
,20,0.5,absolute_error,random,1.778527490084559,1.3332954150135614,0.9915896345720722
,40,0.5,absolute_error,best,1.8948967670310934,1.3762556763339793,0.990588351213782
,40,0.5,absolute_error,random,1.6751033271980966,1.2937961232280177,0.9354585463363897
,2,0.75,absolute_error,best,2.671287228195496,1.633460719299784,1.17647718489007
,2,0.75,absolute_error,random,2.710237736072545,1.6459177191995404,1.193070777506314
,5,0.75,absolute_error,best,2.489947751784802,1.5776410223426915,1.1444496378093008
,5,0.75,absolute_error,random,2.3276631438186817,1.524779229424777,1.1129132340867354
,10,0.75,absolute_error,best,2.263204495988932,1.5040476574017092,1.084640879987419
,10,0.75,absolute_error,random,2.047552662357991,1.4306364739454824,1.0246001946962235
,20,0.75,absolute_error,best,2.0696773242572375,1.438152012841258,1.022786364817256
,20,0.75,absolute_error,random,1.7223484575270622,1.3111238924954385,0.9244947718464431
,40,0.75,absolute_error,best,1.810685139135236,1.3453979920380994,0.9566656132044695
,40,0.75,absolute_error,random,1.6541492966536793,1.2856147603830816,0.920362951648664
10,2,,absolute_error,best,1.7833898909375794,1.3348428059189525,0.950979938703807
10,2,,absolute_error,random,1.817284081061619,1.347045872372852,0.9590541896997866
10,5,,absolute_error,best,1.7904736189676747,1.3374792308605792,0.9541903993857936
10,5,,absolute_error,random,1.8952777184559202,1.3763263289732726,0.9753998028988036
10,10,,absolute_error,best,1.7811537643336055,1.33392432930621,0.9521632958282721
10,10,,absolute_error,random,1.7181676872756195,1.3095346012302274,0.932379994561978
10,20,,absolute_error,best,1.744752254511831,1.3200952873554062,0.94120352978237
10,20,,absolute_error,random,1.672147819591613,1.29256995655273,0.9235860136307062
10,40,,absolute_error,best,1.6941879211106947,1.3010451490676596,0.927669542054989
10,40,,absolute_error,random,1.5842979963210717,1.2574639474169245,0.8991785726235543
10,2,sqrt,absolute_error,best,1.8866778192922307,1.372949069751313,0.9859473904565543
10,2,sqrt,absolute_error,random,1.7279436745462746,1.3142284711529355,0.9628135460511773
10,5,sqrt,absolute_error,best,1.8415793595115773,1.356715520237276,0.9791127569860347
10,5,sqrt,absolute_error,random,1.7741901235221955,1.3318202055693764,0.9768297417266908
10,10,sqrt,absolute_error,best,1.8811025268529604,1.3713406773474361,0.9778982862417065
10,10,sqrt,absolute_error,random,1.715307274988918,1.309079339999879,0.9473046641448344
10,20,sqrt,absolute_error,best,1.8182087554309405,1.3477851163520012,0.9661332580929523
10,20,sqrt,absolute_error,random,1.6204049008197674,1.2722110103539346,0.930217980002063
10,40,sqrt,absolute_error,best,1.7195040095808214,1.3107645422624632,0.9465844908792395
10,40,sqrt,absolute_error,random,1.655630251913243,1.2864389109804537,0.9494450905228475
10,2,log2,absolute_error,best,1.8244884907213361,1.3497660060985763,0.9586540865043668
10,2,log2,absolute_error,random,1.7272405722226067,1.3132646940904336,0.962754968239517
10,5,log2,absolute_error,best,1.8951545365457527,1.375972388432359,0.9768667700343097
10,5,log2,absolute_error,random,1.7545572800265152,1.3235626596268175,0.9671373280634062
10,10,log2,absolute_error,best,1.7210644354459554,1.3112328740602155,0.9502110079124829
10,10,log2,absolute_error,random,1.7068317914873994,1.3048456904446089,0.9563407399079555
10,20,log2,absolute_error,best,1.7932507817424717,1.33866408362887,0.9628023096911782
10,20,log2,absolute_error,random,1.6706098788182764,1.2921879797286913,0.945102586256709
10,40,log2,absolute_error,best,1.6828696951604243,1.2969367262657052,0.9402141294914355
10,40,log2,absolute_error,random,1.6452975049011385,1.2824892292188868,0.9406770251507437
10,2,0.5,absolute_error,best,1.8247820815632714,1.3507272183857455,0.9715417023637037
10,2,0.5,absolute_error,random,1.7826947653286216,1.3344884343732946,0.9743590450917669
10,5,0.5,absolute_error,best,1.906606359563357,1.3804263422810714,0.9758996213657888
10,5,0.5,absolute_error,random,1.7413731736596127,1.31949547586885,0.9690220672139663
10,10,0.5,absolute_error,best,1.8048864910968856,1.3432695301637856,0.9587991587635429
10,10,0.5,absolute_error,random,1.7232352320079745,1.3125125788416834,0.964925079391136
10,20,0.5,absolute_error,best,1.7733173525408514,1.3314216345474033,0.9602412052460313
10,20,0.5,absolute_error,random,1.650075811864609,1.284244025483423,0.9471146217312393
10,40,0.5,absolute_error,best,1.73153514435671,1.3155130316610926,0.9497798638756212
10,40,0.5,absolute_error,random,1.6320039222443454,1.2769912335444356,0.9378880414145003
10,2,0.75,absolute_error,best,1.773204349933908,1.331590274716562,0.9428230914219535
10,2,0.75,absolute_error,random,1.8091741954223675,1.3437915721080562,0.9585551739675683
10,5,0.75,absolute_error,best,1.7453564152526024,1.3209138535244098,0.9417043004824295
10,5,0.75,absolute_error,random,1.7942313380470263,1.338707625258372,0.9594854722932359
10,10,0.75,absolute_error,best,1.7769315806422736,1.3326967366096307,0.9485342467918236
10,10,0.75,absolute_error,random,1.7096862928970489,1.306915846802971,0.9424782156397071
10,20,0.75,absolute_error,best,1.7146444060278374,1.3088821255727192,0.9354682268011778
10,20,0.75,absolute_error,random,1.6519125868079236,1.2841958723991178,0.9340577608420426
10,40,0.75,absolute_error,best,1.7321096239897265,1.315448425796657,0.9436957783352409
10,40,0.75,absolute_error,random,1.6013601181455788,1.2645219254585787,0.9117214708290264
20,2,,absolute_error,best,2.5497236307969033,1.5962501103396933,1.1454379275739275
20,2,,absolute_error,random,2.6199095789460336,1.6180984217368373,1.1754698383408897
20,5,,absolute_error,best,2.3840544116306126,1.543590970563153,1.1148611946806695
20,5,,absolute_error,random,2.304361397137201,1.5176438807749346,1.0963206990769299
20,10,,absolute_error,best,2.2206620089772207,1.4896337368871777,1.0652983866563048
20,10,,absolute_error,random,1.9567871436269475,1.3983888775278552,0.9907719262268568
20,20,,absolute_error,best,2.007117685844258,1.4162832911589627,0.9982707869774972
20,20,,absolute_error,random,1.8104934374699329,1.3450460632872285,0.945511301366194
20,40,,absolute_error,best,1.8529691218692648,1.3607149469487276,0.9615928736268848
20,40,,absolute_error,random,1.6716647476524056,1.2916666712618154,0.9167969794775794
20,2,sqrt,absolute_error,best,2.443538498333145,1.5625943640746505,1.12835086133051
20,2,sqrt,absolute_error,random,2.5950860869138275,1.6100501773888538,1.1865092691216153
20,5,sqrt,absolute_error,best,2.375690924808834,1.5408013073821487,1.1215827406526193
20,5,sqrt,absolute_error,random,2.166936033939082,1.4708381325194486,1.086628295198955
20,10,sqrt,absolute_error,best,2.1991002068365866,1.4813209268646748,1.0781600479470552
20,10,sqrt,absolute_error,random,1.8804142310443965,1.3705015142650627,0.9869637497609993
20,20,sqrt,absolute_error,best,1.9875427440128761,1.4096151057544848,1.0160413039573888
20,20,sqrt,absolute_error,random,1.7313339442286249,1.3149870793747216,0.9486226883780684
20,40,sqrt,absolute_error,best,1.8657859217290091,1.3655875813600542,0.9763692639924232
20,40,sqrt,absolute_error,random,1.6595071990631667,1.287425945699,0.9365638555554143
20,2,log2,absolute_error,best,2.6478266599181195,1.6263834251368727,1.1807965586303801
20,2,log2,absolute_error,random,2.7478786468404133,1.65715096910921,1.2112155271530987
20,5,log2,absolute_error,best,2.338343922494046,1.5283182098122425,1.106180941424162
20,5,log2,absolute_error,random,2.084735707167673,1.4430857974194162,1.0570516385252215
20,10,log2,absolute_error,best,2.2104098157406424,1.4864483497614387,1.0723408167204302
20,10,log2,absolute_error,random,1.9235186057909837,1.3867738171298285,1.0020284409539926
20,20,log2,absolute_error,best,1.9815311993105724,1.4072755983134013,1.0163469894370976
20,20,log2,absolute_error,random,1.7050186586930784,1.3048577819957707,0.9376230607343745
20,40,log2,absolute_error,best,1.837132074285344,1.3546252603979265,0.9729420256260439
20,40,log2,absolute_error,random,1.645626197507537,1.2826787828223143,0.9307456265558024
20,2,0.5,absolute_error,best,2.5001072010578524,1.580500770287325,1.1476410414824165
20,2,0.5,absolute_error,random,2.6616623946544906,1.631090638674371,1.196484670166989
20,5,0.5,absolute_error,best,2.3913208565947452,1.545930979043158,1.1282361661577895
20,5,0.5,absolute_error,random,2.154980349504479,1.4678581756198144,1.0698387029772778
20,10,0.5,absolute_error,best,2.330975942478134,1.5261412323095336,1.0843521785658246
20,10,0.5,absolute_error,random,1.8830690085827644,1.3716695077463668,0.9919757518348566
20,20,0.5,absolute_error,best,2.0585378927469264,1.4338657994188624,1.0378731061661008
20,20,0.5,absolute_error,random,1.7746734331394698,1.3316003829657763,0.9615833112296712
20,40,0.5,absolute_error,best,1.8170947429128212,1.34742533123964,0.9626490251402361
20,40,0.5,absolute_error,random,1.6202088509559556,1.2724042687551693,0.9224501861675904
20,2,0.75,absolute_error,best,2.564577554500917,1.6013109128537313,1.1460686065027479
20,2,0.75,absolute_error,random,2.6682949331587396,1.6323622823874626,1.1888148920724517
20,5,0.75,absolute_error,best,2.3975869260147595,1.5479092268573786,1.1078008382651015
20,5,0.75,absolute_error,random,2.353686781922415,1.533771074070617,1.1100926442082097
20,10,0.75,absolute_error,best,2.195071138892572,1.4810155109685514,1.0540734696748875
20,10,0.75,absolute_error,random,1.9662282733147023,1.40117228990658,1.008916330174732
20,20,0.75,absolute_error,best,2.0343997877385283,1.4253449628685921,1.0139468888784235
20,20,0.75,absolute_error,random,1.7216462366372298,1.3113953664835714,0.9330960936237671
20,40,0.75,absolute_error,best,1.8057483898690752,1.3431739091057457,0.9506396932951947
20,40,0.75,absolute_error,random,1.6159715008493332,1.2707139118030912,0.9005092524425674
30,2,,absolute_error,best,2.6638320894367973,1.6318374479480267,1.1766948096041834
30,2,,absolute_error,random,2.7781826197474606,1.6663960215406077,1.2136973503851098
30,5,,absolute_error,best,2.4903209410832945,1.5778280668834586,1.144131525030924
30,5,,absolute_error,random,2.2698571709800284,1.5063652703074046,1.0889351388358395
30,10,,absolute_error,best,2.2630464879762187,1.5038700167070735,1.0774236744530072
30,10,,absolute_error,random,1.9425658778817585,1.3931588605042182,0.9991545613444741
30,20,,absolute_error,best,2.0228482415081346,1.4218522615854363,1.0026061294278137
30,20,,absolute_error,random,1.7498786340093901,1.3220745982157704,0.9291545887303918
30,40,,absolute_error,best,1.863647378043622,1.3646368966683897,0.9644986428457736
30,40,,absolute_error,random,1.6675143131752748,1.2909482672832606,0.9225331395717074
30,2,sqrt,absolute_error,best,2.667796073217059,1.6323471890933483,1.1944209749630226
30,2,sqrt,absolute_error,random,2.727383673067288,1.6513180940658887,1.2111228039878115
30,5,sqrt,absolute_error,best,2.492864998110492,1.5780917879703331,1.1555276756772686
30,5,sqrt,absolute_error,random,2.1876731859233596,1.478134652166905,1.0798820050069236
30,10,sqrt,absolute_error,best,2.2050900108619205,1.4844685253728034,1.0782837331935284
30,10,sqrt,absolute_error,random,1.8680980364481763,1.3664185019266148,1.0116623885316036
30,20,sqrt,absolute_error,best,2.036001386168515,1.426684961810611,1.0299462301308546
30,20,sqrt,absolute_error,random,1.7413437431582548,1.3192757448235133,0.9581733976924822
30,40,sqrt,absolute_error,best,1.8372902620825713,1.3552733184857213,0.9715054173525342
30,40,sqrt,absolute_error,random,1.6923263303239193,1.3002182438839882,0.9545346361049261
30,2,log2,absolute_error,best,2.7684732114268304,1.6629722739222301,1.21920680643883
30,2,log2,absolute_error,random,2.8485817083529295,1.6871634662793418,1.2431836400867062
30,5,log2,absolute_error,best,2.4353490461023037,1.5604218359788313,1.1474478834246387
30,5,log2,absolute_error,random,2.112165651845076,1.4530549587749921,1.073009855422651
30,10,log2,absolute_error,best,2.2497356836612887,1.4995931344256044,1.0871011622064315
30,10,log2,absolute_error,random,1.9787818738978529,1.4062881286416444,1.0197826618568187
30,20,log2,absolute_error,best,2.0426254252343177,1.4284035547285492,1.0317583773607086
30,20,log2,absolute_error,random,1.749400342274236,1.322215442691477,0.9530973911923122
30,40,log2,absolute_error,best,1.8761277121429263,1.3673070382333328,0.9879199641427755
30,40,log2,absolute_error,random,1.6439503203938841,1.2820198598516916,0.9353713289506645
30,2,0.5,absolute_error,best,2.6193585004193487,1.6173814907591464,1.1903666422877044
30,2,0.5,absolute_error,random,2.658416119745723,1.6241002219596183,1.215621240408316
30,5,0.5,absolute_error,best,2.443062257322514,1.5629701674447474,1.1433834980314146
30,5,0.5,absolute_error,random,2.097199165561959,1.447732743598254,1.0632756561724326
30,10,0.5,absolute_error,best,2.2419174152419705,1.4970371482204934,1.0857993897421587
30,10,0.5,absolute_error,random,1.8605422029642527,1.3634301228843115,0.9869298103538332
30,20,0.5,absolute_error,best,2.0463265993228466,1.4302601603711391,1.0340013680216391
30,20,0.5,absolute_error,random,1.7612670802653532,1.3266295229161353,0.9639086385081719
30,40,0.5,absolute_error,best,1.8285469280570426,1.3521517414425894,0.9677749338675955
30,40,0.5,absolute_error,random,1.6215145150844616,1.272994699276072,0.920029186822054
30,2,0.75,absolute_error,best,2.6447309595934705,1.6260457000601196,1.1799456956146883
30,2,0.75,absolute_error,random,2.765138717030508,1.6623976271335135,1.2191535286070205
30,5,0.75,absolute_error,best,2.4755209532305225,1.573260515794825,1.134749612805349
30,5,0.75,absolute_error,random,2.2486138267010274,1.499151934762795,1.0931978588512172
30,10,0.75,absolute_error,best,2.294896890909027,1.5146116837321804,1.0913008066586587
30,10,0.75,absolute_error,random,1.9928145297728332,1.4108358242327685,1.0040296454051123
30,20,0.75,absolute_error,best,2.009488939062717,1.417452198600481,1.0118008333716075
30,20,0.75,absolute_error,random,1.7281564453009317,1.3143498877108626,0.935885883953625
30,40,0.75,absolute_error,best,1.838710661281766,1.3550104263674965,0.9602705778138798
30,40,0.75,absolute_error,random,1.6342085480835522,1.2781612417417745,0.9156280603703116
50,2,,absolute_error,best,2.67303759761149,1.6344748189418563,1.1801394524800644
50,2,,absolute_error,random,2.668578408352479,1.633165925003059,1.1867843677287633
50,5,,absolute_error,best,2.488054586264986,1.577051885458218,1.1423116521103676
50,5,,absolute_error,random,2.303647612540765,1.517432848454064,1.0886466914344535
50,10,,absolute_error,best,2.2599477659971807,1.5028430012893013,1.077563054432351
50,10,,absolute_error,random,1.9404947695824823,1.3927969546808503,0.9861789759818771
50,20,,absolute_error,best,2.022547799964892,1.421727162289819,1.0023022362113743
50,20,,absolute_error,random,1.7548795430796944,1.3244622268456725,0.9343574818401988
50,40,,absolute_error,best,1.863647378043622,1.3646368966683897,0.9644986428457736
50,40,,absolute_error,random,1.6752021642167825,1.2938269491888739,0.9232613241401637
50,2,sqrt,absolute_error,best,2.7402873693434144,1.6551994883191274,1.2208271313011638
50,2,sqrt,absolute_error,random,2.6587473299850233,1.6302093768452663,1.1932576638143473
50,5,sqrt,absolute_error,best,2.596088806128052,1.6108448393383092,1.1746944640326888
50,5,sqrt,absolute_error,random,2.1533191725424663,1.4671918890449733,1.0887229809324395
50,10,sqrt,absolute_error,best,2.2254411323692302,1.4916262619976426,1.0847530832530379
50,10,sqrt,absolute_error,random,1.844825149960069,1.3573171670605952,0.987158190078223
50,20,sqrt,absolute_error,best,2.0324915128097154,1.425506400554977,1.0255236524789104
50,20,sqrt,absolute_error,random,1.7747061116321163,1.3315009794327672,0.9583310843321587
50,40,sqrt,absolute_error,best,1.924784225888797,1.386597643182257,0.9970355797744246
50,40,sqrt,absolute_error,random,1.6709382576464908,1.292190992955669,0.936914874540429
50,2,log2,absolute_error,best,2.815377990146979,1.6771807066547257,1.2199608301042368
50,2,log2,absolute_error,random,2.7459940569280135,1.6568127978996763,1.2196055879949168
50,5,log2,absolute_error,best,2.4106933571594,1.5523426874975168,1.1344201445037352
50,5,log2,absolute_error,random,2.1787994388922027,1.4753149901752347,1.0847860433976728
50,10,log2,absolute_error,best,2.2108637288833846,1.4862797880297873,1.0668314005967596
50,10,log2,absolute_error,random,1.9126136487143064,1.3826099002656385,1.0007177446391449
50,20,log2,absolute_error,best,2.088323664580611,1.444888743354955,1.0392293320277977
50,20,log2,absolute_error,random,1.7330744512917,1.3158910326720639,0.9446812797082791
50,40,log2,absolute_error,best,1.864324523692949,1.3652068803095252,0.9810559420776224
50,40,log2,absolute_error,random,1.662133329641619,1.28865236180178,0.9418376021828744
50,2,0.5,absolute_error,best,2.781203543795919,1.6673848798450106,1.222183174592361
50,2,0.5,absolute_error,random,2.7487358984917596,1.6576343763833374,1.212105099062637
50,5,0.5,absolute_error,best,2.486470120752733,1.5766567402101328,1.1574661840419502
50,5,0.5,absolute_error,random,2.1224117533678566,1.4557908121171632,1.0773505628586413
50,10,0.5,absolute_error,best,2.2169163286643125,1.4884760435507893,1.0824489467039264
50,10,0.5,absolute_error,random,1.9171195643992411,1.3844703386588042,1.0047851012601368
50,20,0.5,absolute_error,best,2.070754374794724,1.4379727971270366,1.034640792586145
50,20,0.5,absolute_error,random,1.7740945873509788,1.3315544334854241,0.9720016115793543
50,40,0.5,absolute_error,best,1.8538604108437309,1.3614901644885058,0.977716180818805
50,40,0.5,absolute_error,random,1.6251503854805829,1.2744951249156875,0.9267710297671531
50,2,0.75,absolute_error,best,2.625458845210211,1.6196089512388503,1.1695844695815982
50,2,0.75,absolute_error,random,2.6977780794822164,1.6417701028946432,1.2041541824025839
50,5,0.75,absolute_error,best,2.5320428100496493,1.5911750095785446,1.1490745823071777
50,5,0.75,absolute_error,random,2.2576668761345093,1.5016551683402262,1.0907722314015675
50,10,0.75,absolute_error,best,2.3237146947088627,1.524149096984917,1.0998523706361216
50,10,0.75,absolute_error,random,1.9565595784921015,1.3982393173471799,1.000334938747151
50,20,0.75,absolute_error,best,2.01366649622031,1.4190190700821448,1.0120450073839806
50,20,0.75,absolute_error,random,1.767768734824075,1.3289880754689398,0.9397415880932588
50,40,0.75,absolute_error,best,1.8193578084706357,1.3478270157522696,0.9576523143738145
50,40,0.75,absolute_error,random,1.6545603287521946,1.2857000024429817,0.9210917384977202
100,2,,absolute_error,best,2.6405856477664362,1.6245611534032125,1.1700093901316646
100,2,,absolute_error,random,2.7599627254379855,1.6609557988383343,1.2200128413795377
100,5,,absolute_error,best,2.484888636037886,1.5760515990607185,1.1418975998635579
100,5,,absolute_error,random,2.2672904207313875,1.5047899978859716,1.0876608384146123
100,10,,absolute_error,best,2.2660397101359786,1.5049085476106254,1.0793522611784845
100,10,,absolute_error,random,2.0294430270070465,1.4237196174652063,1.0166770903394746
100,20,,absolute_error,best,2.025116765088228,1.4226210651757074,1.0031720977698924
100,20,,absolute_error,random,1.7788676324496255,1.3331374581785014,0.9359302547266226
100,40,,absolute_error,best,1.865422766923934,1.365305353427709,0.9653072183623665
100,40,,absolute_error,random,1.644042661197788,1.2816538063201786,0.9146301483395922
100,2,sqrt,absolute_error,best,2.844925176619614,1.6864519632855948,1.2402206928693709
100,2,sqrt,absolute_error,random,2.806094534409207,1.6747449331852802,1.225839339794187
100,5,sqrt,absolute_error,best,2.591604911559097,1.6095064960915662,1.1783188320039293
100,5,sqrt,absolute_error,random,2.136870361062442,1.4612825334752504,1.0762643484931858
100,10,sqrt,absolute_error,best,2.260546041109724,1.502860418146359,1.090606041065421
100,10,sqrt,absolute_error,random,1.8692481546255764,1.366507457868098,0.9937064757320517
100,20,sqrt,absolute_error,best,2.0108794258600433,1.4174358071190531,1.0308203958326145
100,20,sqrt,absolute_error,random,1.7266355084859986,1.312833575555678,0.9471096742779753
100,40,sqrt,absolute_error,best,1.8870106377022857,1.3729648981718992,0.9948975347869411
100,40,sqrt,absolute_error,random,1.647258569776192,1.28267664168237,0.9323997366682202
100,2,log2,absolute_error,best,2.710101318307621,1.6461203679896037,1.197950004465142
100,2,log2,absolute_error,random,2.6837832429730692,1.63789108470447,1.198355603173415
100,5,log2,absolute_error,best,2.518653473279566,1.5866865932212646,1.163631022025393
100,5,log2,absolute_error,random,2.127445574232478,1.4583750018224406,1.0775395659771263
100,10,log2,absolute_error,best,2.337415410711213,1.5285899991755985,1.1164079461171146
100,10,log2,absolute_error,random,1.8907443445357344,1.374926029574735,0.994839412758043
100,20,log2,absolute_error,best,1.997535363667876,1.4121327608949772,1.0324448671549291
100,20,log2,absolute_error,random,1.7653649517504473,1.328007703691453,0.9583221452594811
100,40,log2,absolute_error,best,1.8403985486440686,1.3555382784132408,0.9740456520409267
100,40,log2,absolute_error,random,1.625324033161196,1.2744047078540106,0.9225575632340164
100,2,0.5,absolute_error,best,2.7291085199899703,1.6515322754603445,1.2080302386589596
100,2,0.5,absolute_error,random,2.7791885182212157,1.6664882917775579,1.219451347279358
100,5,0.5,absolute_error,best,2.4762148097039476,1.573585355169293,1.1535133872365968
100,5,0.5,absolute_error,random,2.2026523756156315,1.4833075635707185,1.0864701384537399
100,10,0.5,absolute_error,best,2.1882236341516252,1.4790052395819633,1.078933625934697
100,10,0.5,absolute_error,random,1.8593822137129705,1.3627171665202926,0.9913796159753986
100,20,0.5,absolute_error,best,2.0896133446467964,1.4453296381741343,1.0319057608600697
100,20,0.5,absolute_error,random,1.7153484894175441,1.3095552675124886,0.9433056862087215
100,40,0.5,absolute_error,best,1.8760205315737672,1.3694938921879098,0.9833244239333896
100,40,0.5,absolute_error,random,1.6547319732386168,1.2857822059014565,0.9370089663531749
100,2,0.75,absolute_error,best,2.595538972151745,1.6108520041031524,1.1739494268067792
100,2,0.75,absolute_error,random,2.805595042190496,1.6747157050608514,1.22041143446775
100,5,0.75,absolute_error,best,2.5445736964832335,1.5950373610443935,1.1620077107870792
100,5,0.75,absolute_error,random,2.2838266565979977,1.5100231633358274,1.0996704242753954
100,10,0.75,absolute_error,best,2.2778993260201488,1.5084507483695,1.0843603664119457
100,10,0.75,absolute_error,random,1.9782084189486422,1.4049833250673167,0.9980194554324285
100,20,0.75,absolute_error,best,2.0531157803064395,1.432669509231101,1.0167630529524503
100,20,0.75,absolute_error,random,1.760846747782831,1.3267565318194448,0.9508032198038212
100,40,0.75,absolute_error,best,1.8464277575041446,1.3580126238043024,0.9530283149230192
100,40,0.75,absolute_error,random,1.62543184007825,1.274739954694112,0.9170680352546526
